{
  "density": 0.010752328599065128,
  "triangles": 1528584,
  "connected_components": {
    "num_components": 13,
    "largest_component_size": 3927,
    "component_sizes": [
      3927,
      2,
      3,
      2,
      2,
      6,
      3,
      2,
      2,
      2,
      4,
      2,
      2
    ],
    "avg_component_size": 304.53846153846155
  },
  "diameter": 17,
  "reciprocity": 1.0,
  "clustering_coefficient": 0.543726836561468,
  "degree_distribution": {
    "avg_degree": 42.55771659509977,
    "max_degree": 293,
    "min_degree": 1,
    "degree_variance": 2142.890265662546,
    "degree_std": 46.29136275443342
  }
}